building,mean,min,max,total
Admin,50.311370967741944,20.02,79.97,37431.66
Hostel,74.37475806451613,30.07,119.82,55334.82
Library,37.46423387096774,15.01,59.99,27873.39
